{"cameraMode":{"drawMode":0,"name":"Shaded","section":"Shading Mode"},"sceneLighting":true,"audioPlay":false,"sceneViewState":{"m_AlwaysRefresh":false,"showFog":true,"showSkybox":true,"showFlares":true,"showImageEffects":true,"showParticleSystems":true,"showVisualEffectGraphs":true,"m_FxEnabled":true},"in2DMode":false,"pivot":{"x":22.07016372680664,"y":-44.12769317626953,"z":-144.86964416503907},"rotation":{"x":0.010234132409095765,"y":0.9807899594306946,"z":-0.18731319904327393,"w":0.05358997732400894},"size":110.4952621459961,"orthographic":false}