{"cameraMode":{"drawMode":0,"name":"Shaded","section":"Shading Mode"},"sceneLighting":true,"audioPlay":false,"sceneViewState":{"m_AlwaysRefresh":false,"showFog":true,"showSkybox":true,"showFlares":true,"showImageEffects":true,"showParticleSystems":true,"showVisualEffectGraphs":true,"m_FxEnabled":true},"in2DMode":false,"pivot":{"x":9.556410789489746,"y":3.2554781436920168,"z":-16.717496871948243},"rotation":{"x":0.12545469403266908,"y":-0.8632311820983887,"z":0.2625042796134949,"w":0.4125497341156006},"size":0.7952725291252136,"orthographic":false}