{"cameraMode":{"drawMode":0,"name":"Shaded","section":"Shading Mode"},"sceneLighting":false,"audioPlay":false,"sceneViewState":{"m_AlwaysRefresh":false,"showFog":true,"showSkybox":false,"showFlares":true,"showImageEffects":true,"showParticleSystems":true,"showVisualEffectGraphs":true,"m_FxEnabled":true},"in2DMode":false,"pivot":{"x":3.5762786865234377e-7,"y":0.9104899764060974,"z":-0.12563791871070863},"rotation":{"x":0.019410300999879838,"y":-0.942825436592102,"z":0.3280167281627655,"w":0.05579238012433052},"size":1.2209076881408692,"orthographic":false}